<?xml version="1.0" encoding="UTF-8" standalone="yes"?>
<addon id="repository.SAW" name="SAW" version="0.0.1" provider-name="PJD">
	<extension point="xbmc.addon.repository" name="SAW">
		<dir>
			<info compressed="false">https://raw.githubusercontent.com/noobsandnerds/modules4all/master/zips/addons.xml</info>
			<checksum>https://raw.githubusercontent.com/noobsandnerds/modules4all/master/zips/addons.xml.md5</checksum>
			<datadir zip="true">https://raw.githubusercontent.com/noobsandnerds/modules4all/master/zips/</datadir>
		</dir>
		<info compressed="false">https://raw.githubusercontent.com/alfreddempsey3/repository.SAW/master/zips/addons.xml</info>
		<checksum>https://raw.githubusercontent.com/alfreddempsey3/repository.SAW/master/zips/addons.xml.md5</checksum>
		<datadir zip="true">https://raw.githubusercontent.com/alfreddempsey3/repository.SAW/master/zips/</datadir>
	</extension>
	<extension point="xbmc.addon.metadata">
		<summary lang="en">aphex videos</summary>
		<description lang="en">Full repository description.</description>
		<genre>livetv,music,uk,usa</genre>
	</extension>
</addon>